<?xml version="1.0" encoding="utf-8"?>
<!--/13041141/460052/2.49/2/3/Capacitor/-->
<quadcept_library>
  <setting unit="mil" />
  <textstyle name="Default" height="47.244094488189" strokewidth="7.8740157480315" charwidth="47.244094488189" />
  <textstyle name="Dimension" height="19.6850393700787" strokewidth="0" charwidth="19.6850393700787" />
  <textstyle name="H127W0635TH00762" height="50" strokewidth="3" charwidth="25" />
  <textstyle name="H15W15TH02" height="59.0551181102362" strokewidth="7.8740157480315" charwidth="59.0551181102362" />
  <padstyle name="r62_60" surface="True" plated="False" isvia="False" nopaste="False" nomask="True" complex="False" holesize="0">
    <padshape layer="TOP" shape="rectangle" width="23.622047244094" height="24.409448818897" />
    <padshape layer="TOP_SOLDER_MASK" shape="rectangle" width="31.496062992126" height="32.283464566929" />
    <padshape layer="TOP_SOLDER_PASTE" shape="rectangle" width="23.622047244094" height="24.409448818897" />
  </padstyle>
  <footprint name="CAPC1005X55N" originx="0" originy="0" pickpointx="0" pickpointy="0">
    <pcbpin number="1" name="1" style="r62_60" originx="-18.110236220472" originy="0" rotation="0" />
    <pcbpin number="2" name="2" style="r62_60" originx="18.110236220472" originy="0" rotation="0" />
    <line layer="TOP_PLACE_BOUND" originx="-35.826771653543" originy="18.110236220472" endx="35.826771653543" endy="18.110236220472" width="1.9685039370079" />
    <line layer="TOP_PLACE_BOUND" originx="35.826771653543" originy="18.110236220472" endx="35.826771653543" endy="-18.110236220472" width="1.9685039370079" />
    <line layer="TOP_PLACE_BOUND" originx="35.826771653543" originy="-18.110236220472" endx="-35.826771653543" endy="-18.110236220472" width="1.9685039370079" />
    <line layer="TOP_PLACE_BOUND" originx="-35.826771653543" originy="-18.110236220472" endx="-35.826771653543" endy="18.110236220472" width="1.9685039370079" />
    <line layer="TOP_ASSEMBLY" originx="-19.685039370078" originy="9.8425196850392" endx="19.685039370078" endy="9.8425196850392" width="3.9370078740157" />
    <line layer="TOP_ASSEMBLY" originx="19.685039370078" originy="9.8425196850392" endx="19.685039370078" endy="-9.8425196850392" width="3.9370078740157" />
    <line layer="TOP_ASSEMBLY" originx="19.685039370078" originy="-9.8425196850392" endx="-19.685039370078" endy="-9.8425196850392" width="3.9370078740157" />
    <line layer="TOP_ASSEMBLY" originx="-19.685039370078" originy="-9.8425196850392" endx="-19.685039370078" endy="9.8425196850392" width="3.9370078740157" />
  </footprint>
  <symbol name="HMK105B7103KVHFE" originx="0" originy="0">
    <line originx="220" originy="100" endx="220" endy="-100" width="0" />
    <line originx="280" originy="100" endx="280" endy="-100" width="0" />
    <line originx="200" originy="0" endx="220" endy="0" width="0" />
    <line originx="280" originy="0" endx="300" endy="0" width="0" />
    <sympin number="1" originx="200" originy="0" rotation="180" length="100" width="7.8740157480315" flipped="False">
      <text name="pinname" originx="0" originy="-10" style="Default" rotation="0" justify="upperleft" flipped="False" hidden="True" data="1" />
      <text name="pindes" originx="0" originy="10" style="Default" rotation="0" justify="lowerleft" flipped="False" hidden="False" data="1" />
    </sympin>
    <sympin number="2" originx="300" originy="0" rotation="0" length="100" width="7.8740157480315" flipped="False">
      <text name="pinname" originx="500" originy="-10" style="Default" rotation="0" justify="upperright" flipped="False" hidden="True" data="2" />
      <text name="pindes" originx="500" originy="10" style="Default" rotation="0" justify="lowerright" flipped="False" hidden="False" data="2" />
    </sympin>
  </symbol>
  <component name="HMK105B7103KVHFE" designatorprefix="C" height="21.653543307086" footprint="CAPC1005X55N">
    <comppin designator="1" sympin="1" pinswap="0" gateswap="0" gate="1" group="1" side="" type="Any" name="1" />
    <comppin designator="2" sympin="2" pinswap="0" gateswap="0" gate="1" group="1" side="" type="Any" name="2" />
    <attached_symbol gate="1" name="HMK105B7103KVHFE" />
    <pinmap designator="1" footprintpin="1" />
    <pinmap designator="2" footprintpin="2" />
    <text name="Datasheet" originx="0" originy="0" style="Default" rotation="0" justify="" flipped="False" hidden="True" data="https://www.mouser.de/datasheet/2/396/taiyo_yuden_12132018_mlcc11_hq_e-1510082.pdf" />
    <text name="Description" originx="0" originy="0" style="Default" rotation="0" justify="" flipped="False" hidden="True" data="Multilayer Ceramic Capacitors MLCC - SMD/SMT 0402 100VDC 0.01uF 10% X7R AEC-Q200" />
    <text name="Mouser Part Number" originx="0" originy="0" style="Default" rotation="0" justify="" flipped="False" hidden="True" data="963-HMK105B7103KVHFE" />
    <text name="Mouser Price/Stock" originx="0" originy="0" style="Default" rotation="0" justify="" flipped="False" hidden="True" data="https://www.mouser.co.uk/ProductDetail/Taiyo-Yuden/HMK105B7103KVHFE?qs=rI7uf1IzohT27BfQUaoprQ%3D%3D" />
    <text name="Manufacturer_Name" originx="0" originy="0" style="Default" rotation="0" justify="" flipped="False" hidden="True" data="TAIYO YUDEN" />
    <text name="Manufacturer_Part_Number" originx="350" originy="150" style="Default" rotation="0" justify="left" flipped="False" hidden="False" data="HMK105B7103KVHFE" />
  </component>
</quadcept_library>
