<?xml version="1.0" encoding="utf-8"?>
<!--/989872/460052/2.49/2/4/Resistor/-->
<quadcept_library>
  <setting unit="mil" />
  <textstyle name="Default" height="47.244094488189" strokewidth="7.8740157480315" charwidth="47.244094488189" />
  <textstyle name="Dimension" height="19.6850393700787" strokewidth="0" charwidth="19.6850393700787" />
  <textstyle name="H127W0635TH00762" height="50" strokewidth="3" charwidth="25" />
  <textstyle name="H15W15TH02" height="59.0551181102362" strokewidth="7.8740157480315" charwidth="59.0551181102362" />
  <padstyle name="r340_180" surface="True" plated="False" isvia="False" nopaste="False" nomask="True" complex="False" holesize="0">
    <padshape layer="TOP" shape="rectangle" width="70.866141732283" height="133.85826771653" />
    <padshape layer="TOP_SOLDER_MASK" shape="rectangle" width="78.740157480314" height="141.73228346457" />
    <padshape layer="TOP_SOLDER_PASTE" shape="rectangle" width="70.866141732283" height="133.85826771653" />
  </padstyle>
  <footprint name="CSS2H2512RL300F" originx="0" originy="0" pickpointx="0" pickpointy="0">
    <pcbpin number="1" name="1" style="r340_180" originx="-102.36220472441" originy="0" rotation="0" />
    <pcbpin number="2" name="2" style="r340_180" originx="102.36220472441" originy="0" rotation="0" />
    <line layer="TOP_ASSEMBLY" originx="-125" originy="60.039370078739" endx="125" endy="60.039370078739" width="7.8740157480314" />
    <line layer="TOP_ASSEMBLY" originx="125" originy="60.039370078739" endx="125" endy="-60.039370078739" width="7.8740157480314" />
    <line layer="TOP_ASSEMBLY" originx="125" originy="-60.039370078739" endx="-125" endy="-60.039370078739" width="7.8740157480314" />
    <line layer="TOP_ASSEMBLY" originx="-125" originy="-60.039370078739" endx="-125" endy="60.039370078739" width="7.8740157480314" />
    <line layer="TOP_PLACE_BOUND" originx="-177.16535433071" originy="106.29921259842" endx="177.16535433071" endy="106.29921259842" width="3.9370078740157" />
    <line layer="TOP_PLACE_BOUND" originx="177.16535433071" originy="106.29921259842" endx="177.16535433071" endy="-106.29921259842" width="3.9370078740157" />
    <line layer="TOP_PLACE_BOUND" originx="177.16535433071" originy="-106.29921259842" endx="-177.16535433071" endy="-106.29921259842" width="3.9370078740157" />
    <line layer="TOP_PLACE_BOUND" originx="-177.16535433071" originy="-106.29921259842" endx="-177.16535433071" endy="106.29921259842" width="3.9370078740157" />
    <line layer="TOP_SILKSCREEN" originx="-59.055118110235" originy="60.039370078739" endx="59.055118110235" endy="60.039370078739" width="3.9370078740157" />
    <line layer="TOP_SILKSCREEN" originx="-59.055118110235" originy="-60.039370078739" endx="59.055118110235" endy="-59.055118110235" width="3.9370078740157" />
  </footprint>
  <symbol name="CSS2H-2512R-L300F" originx="0" originy="0">
    <line originx="200" originy="50" endx="500" endy="50" width="0" />
    <line originx="500" originy="-50" endx="500" endy="50" width="0" />
    <line originx="500" originy="-50" endx="200" endy="-50" width="0" />
    <line originx="200" originy="50" endx="200" endy="-50" width="0" />
    <sympin number="1" originx="200" originy="0" rotation="180" length="100" width="7.8740157480315" flipped="False">
      <text name="pinname" originx="0" originy="-10" style="Default" rotation="0" justify="upperleft" flipped="False" hidden="True" data="1" />
      <text name="pindes" originx="0" originy="10" style="Default" rotation="0" justify="lowerleft" flipped="False" hidden="False" data="1" />
    </sympin>
    <sympin number="2" originx="500" originy="0" rotation="0" length="100" width="7.8740157480315" flipped="False">
      <text name="pinname" originx="700" originy="-10" style="Default" rotation="0" justify="upperright" flipped="False" hidden="True" data="2" />
      <text name="pindes" originx="700" originy="10" style="Default" rotation="0" justify="lowerright" flipped="False" hidden="False" data="2" />
    </sympin>
  </symbol>
  <component name="CSS2H-2512R-L300F" designatorprefix="R" height="68.897637795275" footprint="CSS2H2512RL300F">
    <comppin designator="1" sympin="1" pinswap="0" gateswap="0" gate="1" group="1" side="" type="Any" name="1" />
    <comppin designator="2" sympin="2" pinswap="0" gateswap="0" gate="1" group="1" side="" type="Any" name="2" />
    <attached_symbol gate="1" name="CSS2H-2512R-L300F" />
    <pinmap designator="1" footprintpin="1" />
    <pinmap designator="2" footprintpin="2" />
    <text name="Datasheet" originx="0" originy="0" style="Default" rotation="0" justify="" flipped="False" hidden="True" data="http://www.bourns.com/docs/Product-Datasheets/css2h-2512.pdf" />
    <text name="Description" originx="0" originy="0" style="Default" rotation="0" justify="" flipped="False" hidden="True" data="CURRENT SENSE SHUNT" />
    <text name="Mouser Part Number" originx="0" originy="0" style="Default" rotation="0" justify="" flipped="False" hidden="True" data="652-CSS2H-2512RL300F" />
    <text name="Mouser Price/Stock" originx="0" originy="0" style="Default" rotation="0" justify="" flipped="False" hidden="True" data="https://www.mouser.co.uk/ProductDetail/Bourns/CSS2H-2512R-L300F?qs=5aG0NVq1C4z51we9vC1w9A%3D%3D" />
    <text name="Manufacturer_Name" originx="0" originy="0" style="Default" rotation="0" justify="" flipped="False" hidden="True" data="Bourns" />
    <text name="Manufacturer_Part_Number" originx="550" originy="150" style="Default" rotation="0" justify="left" flipped="False" hidden="False" data="CSS2H-2512R-L300F" />
  </component>
</quadcept_library>
