<?xml version="1.0" encoding="utf-8"?>
<!--/665226/460052/2.49/2/4/LED/-->
<quadcept_library>
  <setting unit="mil" />
  <textstyle name="Default" height="47.244094488189" strokewidth="7.8740157480315" charwidth="47.244094488189" />
  <textstyle name="Dimension" height="19.6850393700787" strokewidth="0" charwidth="19.6850393700787" />
  <textstyle name="H127W0635TH00762" height="50" strokewidth="3" charwidth="25" />
  <textstyle name="H15W15TH02" height="59.0551181102362" strokewidth="7.8740157480315" charwidth="59.0551181102362" />
  <padstyle name="c160_h105" surface="False" plated="True" isvia="False" nopaste="True" nomask="True" complex="False" holesize="41.338582677165">
    <padshape layer="TOP" shape="round" width="62.992125984251" height="62.992125984251" />
    <padshape layer="TOP_SOLDER_MASK" shape="round" width="70.866141732283" height="70.866141732283" />
    <padshape layer="INNER" shape="round" width="62.992125984251" height="62.992125984251" />
    <padshape layer="BOTTOM" shape="round" width="62.992125984251" height="62.992125984251" />
    <padshape layer="BOTTOM_SOLDER_MASK" shape="round" width="70.866141732283" height="70.866141732283" />
  </padstyle>
  <footprint name="C503B-BCN" originx="0" originy="0" pickpointx="0" pickpointy="0">
    <pcbpin number="1" name="1" style="c160_h105" originx="49.999999999999" originy="0" rotation="90" />
    <pcbpin number="2" name="2" style="c160_h105" originx="-49.999999999999" originy="0" rotation="90" />
    <arc layer="TOP_ASSEMBLY" originx="0" originy="0" startangle="30.5" sweepangle="299.1" radius="114.17322834646" width="3.9370078740157" />
    <arc layer="TOP_SILKSCREEN" originx="0" originy="0" startangle="30.5" sweepangle="299.1" radius="114.17322834646" width="3.9370078740157" />
    <line layer="TOP_SILKSCREEN" originx="98.425196850392" originy="-57.861811023621" endx="98.425196850392" endy="57.861811023621" width="3.9370078740157" />
    <line layer="TOP_ASSEMBLY" originx="98.425196850392" originy="57.861811023621" endx="98.425196850392" endy="-57.861811023621" width="3.9370078740157" />
    <arc layer="TOP_SILKSCREEN" originx="116.10236220472" originy="0.51181102362204" startangle="180" sweepangle="180" radius="1.0629921259842" width="3.9370078740157" />
    <arc layer="TOP_SILKSCREEN" originx="116.10236220472" originy="0.51181102362204" startangle="180" sweepangle="-180" radius="1.0629921259842" width="3.9370078740157" />
  </footprint>
  <symbol name="C503B-BCN-CV0Z0461" originx="0" originy="0">
    <line originx="200" originy="100" endx="200" endy="-100" width="0" />
    <line originx="250" originy="100" endx="150" endy="200" width="0" />
    <line originx="350" originy="100" endx="250" endy="200" width="0" />
    <line originx="100" originy="0" endx="200" endy="0" width="0" />
    <line originx="400" originy="0" endx="500" endy="0" width="0" />
    <sympin number="1" originx="100" originy="0" rotation="180" length="100" width="7.8740157480315" flipped="False">
      <text name="pinname" originx="10" originy="-10" style="Default" rotation="0" justify="upperleft" flipped="False" hidden="True" data="K" />
      <text name="pindes" originx="60" originy="10" style="Default" rotation="0" justify="lowerright" flipped="False" hidden="False" data="1" />
    </sympin>
    <sympin number="2" originx="500" originy="0" rotation="0" length="100" width="7.8740157480315" flipped="False">
      <text name="pinname" originx="590" originy="-10" style="Default" rotation="0" justify="upperright" flipped="False" hidden="True" data="A" />
      <text name="pindes" originx="540" originy="10" style="Default" rotation="0" justify="lowerleft" flipped="False" hidden="False" data="2" />
    </sympin>
    <polygon type="polygon">
      <point x="200" y="0" />
      <point x="400" y="100" />
      <point x="400" y="-100" />
    </polygon>
    <polygon type="polygon">
      <point x="210" y="170" />
      <point x="180" y="140" />
      <point x="150" y="200" />
    </polygon>
    <polygon type="polygon">
      <point x="310" y="170" />
      <point x="280" y="140" />
      <point x="250" y="200" />
    </polygon>
  </symbol>
  <component name="C503B-BCN-CV0Z0461" designatorprefix="LED" height="0" footprint="C503B-BCN">
    <comppin designator="1" sympin="1" pinswap="0" gateswap="0" gate="1" group="1" side="" type="Any" name="K" />
    <comppin designator="2" sympin="2" pinswap="0" gateswap="0" gate="1" group="1" side="" type="Any" name="A" />
    <attached_symbol gate="1" name="C503B-BCN-CV0Z0461" />
    <pinmap designator="1" footprintpin="1" />
    <pinmap designator="2" footprintpin="2" />
    <text name="Datasheet" originx="0" originy="0" style="Default" rotation="0" justify="" flipped="False" hidden="True" data="https://componentsearchengine.com/Datasheets/1/C503B-BCN-CV0Z0461.pdf" />
    <text name="Description" originx="0" originy="0" style="Default" rotation="0" justify="" flipped="False" hidden="True" data="Cree,LED,C503B-BCN-CV0Z0461" />
    <text name="Mouser Part Number" originx="0" originy="0" style="Default" rotation="0" justify="" flipped="False" hidden="True" data="941-C503BBCNCV0Z0461" />
    <text name="Mouser Price/Stock" originx="0" originy="0" style="Default" rotation="0" justify="" flipped="False" hidden="True" data="https://www.mouser.com/Search/Refine.aspx?Keyword=941-C503BBCNCV0Z0461" />
    <text name="Manufacturer_Name" originx="0" originy="0" style="Default" rotation="0" justify="" flipped="False" hidden="True" data="Cree, Inc." />
    <text name="Manufacturer_Part_Number" originx="500" originy="250" style="Default" rotation="0" justify="lowerleft" flipped="False" hidden="False" data="C503B-BCN-CV0Z0461" />
  </component>
</quadcept_library>
