<?xml version="1.0" encoding="utf-8"?>
<!--/1209068/460052/2.49/4/2/Switch/-->
<quadcept_library>
  <setting unit="mil" />
  <textstyle name="Default" height="47.244094488189" strokewidth="7.8740157480315" charwidth="47.244094488189" />
  <textstyle name="Dimension" height="19.6850393700787" strokewidth="0" charwidth="19.6850393700787" />
  <textstyle name="H127W0635TH00762" height="50" strokewidth="3" charwidth="25" />
  <textstyle name="H15W15TH02" height="59.0551181102362" strokewidth="7.8740157480315" charwidth="59.0551181102362" />
  <padstyle name="c220_h110" surface="False" plated="True" isvia="False" nopaste="True" nomask="True" complex="False" holesize="43.307086614173">
    <padshape layer="TOP" shape="round" width="86.614173228345" height="86.614173228345" />
    <padshape layer="TOP_SOLDER_MASK" shape="round" width="94.488188976377" height="94.488188976377" />
    <padshape layer="INNER" shape="round" width="86.614173228345" height="86.614173228345" />
    <padshape layer="BOTTOM" shape="round" width="86.614173228345" height="86.614173228345" />
    <padshape layer="BOTTOM_SOLDER_MASK" shape="round" width="94.488188976377" height="94.488188976377" />
  </padstyle>
  <footprint name="D6R40F1LFS" originx="0" originy="0" pickpointx="0" pickpointy="0">
    <pcbpin number="1" name="1" style="c220_h110" originx="0" originy="0.78740157480314" rotation="90" />
    <pcbpin number="2" name="2" style="c220_h110" originx="196.85039370078" originy="0.78740157480314" rotation="90" />
    <pcbpin number="3" name="3" style="c220_h110" originx="0" originy="-196.06299212598" rotation="90" />
    <pcbpin number="4" name="4" style="c220_h110" originx="196.85039370078" originy="-196.06299212598" rotation="90" />
    <line layer="TOP_PLACE_BOUND" originx="-177.16535433071" originy="177.95275590551" endx="374.01574803149" endy="177.95275590551" width="3.9370078740157" />
    <line layer="TOP_PLACE_BOUND" originx="374.01574803149" originy="177.95275590551" endx="374.01574803149" endy="-373.22834645669" width="3.9370078740157" />
    <line layer="TOP_PLACE_BOUND" originx="374.01574803149" originy="-373.22834645669" endx="-177.16535433071" endy="-373.22834645669" width="3.9370078740157" />
    <line layer="TOP_PLACE_BOUND" originx="-177.16535433071" originy="-373.22834645669" endx="-177.16535433071" endy="177.95275590551" width="3.9370078740157" />
    <line layer="TOP_ASSEMBLY" originx="-137.79527559055" originy="-97.637795275589" endx="-137.79527559055" endy="-97.637795275589" width="7.8740157480314" />
    <arc layer="TOP_ASSEMBLY" originx="98.425196850392" originy="-97.637795275589" startangle="-180.0" sweepangle="180.0" radius="236.22047244094" width="7.8740157480314" />
    <line layer="TOP_ASSEMBLY" originx="334.64566929133" originy="-97.637795275589" endx="334.64566929133" endy="-97.637795275589" width="7.8740157480314" />
    <arc layer="TOP_ASSEMBLY" originx="98.425196850392" originy="-97.637795275589" startangle=".0" sweepangle="180.0" radius="236.22047244094" width="7.8740157480314" />
    <line layer="TOP_SILKSCREEN" originx="-137.79527559055" originy="-97.637795275589" endx="-137.79527559055" endy="-97.637795275589" width="3.9370078740157" />
    <arc layer="TOP_SILKSCREEN" originx="98.425196850392" originy="-97.637795275589" startangle="-180.0" sweepangle="180.0" radius="236.22047244094" width="3.9370078740157" />
    <line layer="TOP_SILKSCREEN" originx="334.64566929133" originy="-97.637795275589" endx="334.64566929133" endy="-97.637795275589" width="3.9370078740157" />
    <arc layer="TOP_SILKSCREEN" originx="98.425196850392" originy="-97.637795275589" startangle=".0" sweepangle="180.0" radius="236.22047244094" width="3.9370078740157" />
    <line layer="TOP_ASSEMBLY" originx="-114.17322834646" originy="4.7244094488188" endx="-114.17322834646" endy="-200" width="7.8740157480314" />
    <line layer="TOP_SILKSCREEN" originx="-114.17322834646" originy="4.7244094488188" endx="-114.17322834646" endy="-200" width="3.9370078740157" />
  </footprint>
  <symbol name="D6R60F1LFS" originx="0" originy="0">
    <line originx="200" originy="100" endx="1000" endy="100" width="0" />
    <line originx="1000" originy="-200" endx="1000" endy="100" width="0" />
    <line originx="1000" originy="-200" endx="200" endy="-200" width="0" />
    <line originx="200" originy="100" endx="200" endy="-200" width="0" />
    <sympin number="1" originx="200" originy="0" rotation="180" length="100" width="7.8740157480315" flipped="False">
      <text name="pinname" originx="230" originy="0" style="Default" rotation="0" justify="left" flipped="False" hidden="False" data="COM_1" />
      <text name="pindes" originx="140" originy="20" style="Default" rotation="0" justify="lowerright" flipped="False" hidden="False" data="1" />
    </sympin>
    <sympin number="2" originx="1000" originy="0" rotation="0" length="100" width="7.8740157480315" flipped="False">
      <text name="pinname" originx="970" originy="0" style="Default" rotation="0" justify="right" flipped="False" hidden="False" data="COM_2" />
      <text name="pindes" originx="1060" originy="20" style="Default" rotation="0" justify="lowerleft" flipped="False" hidden="False" data="2" />
    </sympin>
    <sympin number="3" originx="200" originy="-100" rotation="180" length="100" width="7.8740157480315" flipped="False">
      <text name="pinname" originx="230" originy="-100" style="Default" rotation="0" justify="left" flipped="False" hidden="False" data="NO_1" />
      <text name="pindes" originx="140" originy="-80" style="Default" rotation="0" justify="lowerright" flipped="False" hidden="False" data="3" />
    </sympin>
    <sympin number="4" originx="1000" originy="-100" rotation="0" length="100" width="7.8740157480315" flipped="False">
      <text name="pinname" originx="970" originy="-100" style="Default" rotation="0" justify="right" flipped="False" hidden="False" data="NO_2" />
      <text name="pindes" originx="1060" originy="-80" style="Default" rotation="0" justify="lowerleft" flipped="False" hidden="False" data="4" />
    </sympin>
  </symbol>
  <component name="D6R60F1LFS" designatorprefix="S" height="562.99212598425" footprint="D6R40F1LFS">
    <comppin designator="1" sympin="1" pinswap="0" gateswap="0" gate="1" group="1" side="" type="Any" name="COM_1" />
    <comppin designator="2" sympin="2" pinswap="0" gateswap="0" gate="1" group="1" side="" type="Any" name="COM_2" />
    <comppin designator="3" sympin="3" pinswap="0" gateswap="0" gate="1" group="1" side="" type="Any" name="NO_1" />
    <comppin designator="4" sympin="4" pinswap="0" gateswap="0" gate="1" group="1" side="" type="Any" name="NO_2" />
    <attached_symbol gate="1" name="D6R60F1LFS" />
    <pinmap designator="1" footprintpin="1" />
    <pinmap designator="2" footprintpin="2" />
    <pinmap designator="3" footprintpin="3" />
    <pinmap designator="4" footprintpin="4" />
    <text name="Datasheet" originx="0" originy="0" style="Default" rotation="0" justify="" flipped="False" hidden="True" data="https://www.mouser.co.uk/datasheet/2/60/d6-1382571.pdf" />
    <text name="Description" originx="0" originy="0" style="Default" rotation="0" justify="" flipped="False" hidden="True" data="Pushbutton Switches Key Switch SPST NO 100 mA" />
    <text name="Mouser Part Number" originx="0" originy="0" style="Default" rotation="0" justify="" flipped="False" hidden="True" data="611-D6R60F1LFS" />
    <text name="Mouser Price/Stock" originx="0" originy="0" style="Default" rotation="0" justify="" flipped="False" hidden="True" data="https://www.mouser.co.uk/ProductDetail/CK/D6R60F1LFS?qs=sb%252But3Lm4x0VR1WI58%252Bz2w%3D%3D" />
    <text name="Manufacturer_Name" originx="0" originy="0" style="Default" rotation="0" justify="" flipped="False" hidden="True" data="C & K COMPONENTS" />
    <text name="Manufacturer_Part_Number" originx="1050" originy="200" style="Default" rotation="0" justify="left" flipped="False" hidden="False" data="D6R60F1LFS" />
  </component>
</quadcept_library>
